source_id,institution,biome,component,physiognomy,region,measured_quantity,unit,data_level,n,dispersion,protocol,statistical_role,transfer_constraints,url
SFB_IFN_NECROMASSA,Serviço Florestal Brasileiro / IFN,Pantanal,necromassa aérea,"classes IBGE a obter por interseção espacial",Mato Grosso e Mato Grosso do Sul,"diâmetro de peças lenhosas e classe de decomposição em transectos",field observations,primary_plot,,"observação por peça; desenho IFN","dois transectos de 10 m por conglomerado; peças >2,5 cm","preferência para estimativa de volume por UA; converter em biomassa com densidade por decomposição e propagar erro","classificar por interseção dos transectos/subunidades com IBGE; não tratar centro do conglomerado como classe única em mosaicos",https://dados.florestal.gov.br/dataset/?groups=ifn-dados-biofisicos
SFB_IFN_SERRAPILHEIRA_RETIFICADA,Serviço Florestal Brasileiro / IFN,Pantanal,serrapilheira,"classes IBGE a obter por interseção espacial",Mato Grosso e Mato Grosso do Sul,"espessura em cinco pontos por conglomerado; não massa seca direta",cm,primary_plot,5 pontos/conglomerado,"desenho IFN; retificação 24-10-2025 remove duplicidades","cinco medidas de profundidade por UA","não converter cm para Mg/ha ou tC/ha sem calibração gravimétrica local por classe; usar arquivo corrigido de 2025","o ajuste profundidade–massa deve vir de subamostras secas pareadas; manter camada de incerteza e a versão retificada",https://dados.florestal.gov.br/dataset/ifn-serapilheira-por-uf_disp-set2025
SFB_IFN_NECROMASSA_UF,Serviço Florestal Brasileiro / IFN,Amazônia; Cerrado; Mata Atlântica; Caatinga; Pantanal,necromassa,"separar classe IBGE e UF",Brasil,"madeira caída: diâmetros, comprimento/transecto e decomposição, conforme base IFN",field observations,primary_plot,,"unidade amostral IFN","line-intersect / transectos oficiais; densidade por estado de decomposição; cluster UA preservado","base primária preferida; estimador ponderado pelo desenho amostral e erro por UA/cluster bootstrap","cortar qualquer agregação pelo polígono AOI × classe IBGE; sem densidade calibrada não reportar necromassa como Mg/ha",https://dados.florestal.gov.br/dataset/?groups=ifn-dados-biofisicos
SFB_IFN_SERRAPILHEIRA_UF_RETIFICADA,Serviço Florestal Brasileiro / IFN,Amazônia; Cerrado; Mata Atlântica; Caatinga; Pantanal,serrapilheira,"separar classe IBGE e UF",Brasil,"espessura da camada em cinco pontos; dados por UF publicados com retificação em 2025",cm,primary_plot,5 pontos/conglomerado,"duplicidades corrigidas em 24-10-2025; SE de desenho deve ser reestimado por UA","medições pontuais da espessura; conversão para biomassa exige massa seca pareada","prioridade para estratificação e calibração; não é estoque de carbono em si","usar versão corrigida; não converter profundidade em estoque sem equação e erro locais por classe",https://dados.florestal.gov.br/dataset/ifn-serapilheira-por-uf_disp-set2025
PANTANAL_CERRADAO_ALLOMETRY_SALIS_2004,Embrapa Pantanal / UNESP / Embrapa Florestas,Pantanal,biomassa viva aérea,cerradão de cordilheira,Nhecolândia; Fazenda Rio Negro; MS,"biomassa destrutiva, DAP, altura total e área de copa",equações espécie-específicas e grupo residual,destructive_tree_allometry,61 árvores (50 em 5 espécies comuns + 11 grupo residual),erro da equação deve ser extraído e propagado,"equações regionais calibradas em cerradão; teste de resíduos/domínio antes de transferência","fonte local de prioridade alta para cerradões compatíveis; não usar para outras fisionomias sem validação","publicação identifica árvore amostrada por espécie/classe; extrair equações completas e métricas antes da execução",http://www.infoteca.cnptia.embrapa.br/infoteca/handle/doc/812048
PANTANAL_LITTER_NUNES_2009_CATTLE,UFMS,Pantanal,serrapilheira,"manchas florestais; classe IBGE não reportada",Nhecolândia; Corumbá; MS,"biomassa de liteira em manchas com acesso de gado versus áreas protegidas",kg/m²; valores publicados 0.570±0.04 e 0.890±0.06,published_aggregate,40 locais no total; n por grupo não localizado,"± publicado; tipo de dispersão precisa de confirmação no texto integral","dados de habitat de estudo ecológico; não é levantamento desenhado para estimar estoque regional","fonte microrregional candidata; unidade convertível (×10 = Mg/ha), mas não meta-analisar até confirmar n, erro e método de secagem","não mapear automaticamente manchas em classes IBGE; transferir apenas após compatibilidade da classe e manejo",https://repositorio.ufms.br/handle/123456789/519
PANTANAL_LITTER_NUNES_2015_SEASON,UFMS,Pantanal,serrapilheira,"cordilheiras e capões; correspondência IBGE ainda não demonstrada",oeste da Nhecolândia; MS,"biomassa de liteira: chuva/seca; cordilheiras 0.700/0.668 kg/m²; capões 0.367/0.318 kg/m²",kg/m²; conversão aritmética ×10 para Mg/ha,published_aggregate,n por classe/estação deve ser extraído da tese,"resumo reporta diferenças, não fornece erro para os valores citados","comparações sazonais e de habitat; manter estações separadas; sem pseudo-replicação","benchmark de estoque em sítio local; sem erro amostral disponível não entra em meta-análise ponderada","não converter nomenclatura de habitat em classe IBGE sem interseção cartográfica e equivalência ecológica",https://posgraduacao.ufms.br/portal/trabalhos/index/45?curso_id=45&page=6
HAASSE_1999_PANTANAL_LITTERFALL,estudo científico revisado,Pantanal,serrapilheira,"três tipos de floresta; não é estoque em pé",Pantanal,"produção anual de queda de liteira",Mg/ha/ano,published_aggregate,"oito parcelas permanentes de 0,25 ha","produção anual reportada por tipo; erro deve ser extraído do artigo","coleta mensal por três anos","só auxilia sazonalidade/fluxo; excluir de estimativa do estoque de serrapilheira presente",https://doi.org/10.1016/S0378-1127(98)00477-0
PANTANAL_CARBON_NIR_BENCHMARK,Inventário Nacional de Emissões / MCTI,Pantanal,AGB; BGB; necromassa; serrapilheira,"classes de vegetação Pantanal do IBGE",Pantanal,"estimativas nacionais e métodos de referência; algumas classes recorrem a dados emprestados de outros biomas/IPCC",tC/ha,published_aggregate,,"incertezas variam por pool e classe","síntese nacional; inclui valores locais, proxies de Cerrado/Amazônia/Mata Atlântica e defaults","somente auditoria e último fallback claramente identificado; registrar fonte real por pool/classe","não usar como calibração local se existir inventário próximo; marcar explicitamente componentes emprestados e incerteza",https://unfccc.int/documents/636485
CERRADO_LITTER_MATOS_2017,UnB / UFRRJ,Cerrado,serrapilheira,"Cerrado típico e mata de galeria",Fazenda Água Limpa; Distrito Federal,"estoque gravimétrico; massa seca em estufa 65 °C por 72 h; 0,25 m²; três coletas mensais por classe ao longo de 12 meses",Mg matéria seca/ha,published_aggregate,"3 pontos por classe/mês; medidas mensais repetidas","médias anuais publicadas: Cerrado típico 6.08; mata de galeria 9.36; sem margem de erro no resumo; recuperar tabela/microdados","estoque seco por quadrado; separar mês/estação; evitar tratar coletas mensais no mesmo ponto como independentes","prior microrregional forte para classes compatíveis; sem variância completa, não fabricar IC95%; estimar por série original quando recuperada",https://doi.org/10.1590/2179-8087.126215
MATA_ATLANTICA_LITTER_TABULEIRO_2016,UFV / Reserva Natural Vale,Mata Atlântica,"Floresta Ombrófila Densa de Terras Baixas","Floresta primária e floresta em restauração",Linhares/Jaguaré; Espírito Santo,"60 parcelas 3×3 m; quadrado de 0,25 m²; secagem 70 °C/48 h; biomassa seca gravimétrica",Mg matéria seca/ha,published_aggregate,30 parcelas por classe,"médias publicadas 3.177 ±0.937 (restauração) e 4.411 ±1.389 (primária); tipo do ± requer checagem no artigo/dados","massa seca por parcela; teste t independente; um levantamento de verão","evidência local de referência; unidade/conversão e classe confirmadas; preservar ± como publicado e calcular erro amostral somente após validar sua natureza",https://doi.org/10.1590/0100-67622016000100002
CAATINGA_LITTER_SANTA_LUZ_2015,UFPI / UFS / UnB,Caatinga,"Caatinga; classe IBGE deve ser compatibilizada",Santa Luz; Piauí,"10 coletores mensais; material seco em estufa a 65 °C; aporte anual 8.44 Mg/ha/ano",Mg matéria seca/ha/ano,published_aggregate,10 coletores,"produção anual; não é estoque de serrapilheira acumulada","fluxo mensal, separação em frações e secagem gravimétrica; Tukey 5%","usar somente para fluxo/sazonalidade, nunca como estoque presente","não substitui coleta gravimétrica de estoque por quadrado; para estoque, recuperar artigo de acúmulo local",https://doi.org/10.1590/2179-8087.062013
CAATINGA_LITTER_PARAIBA_STOCK_2018,UFCG,Caatinga,"Caatinga preservada em unidade de conservação",Paraíba,"estoque acumulado coletado em moldura 0.5×0.5 m aleatória; produção separada em 20 coletores; comparações Scott-Knott","Mg matéria seca/ha quando tabela for recuperada",published_aggregate,"20 coletores; moldura de estoque; n de quadrados de estoque a confirmar","resumo não informa média/erro para estoque; não estimar margem sem tabela/dados","estoque por quadrado seco e pesado; manter estoque separado de produção anual","fonte potencial para gravimetria direta; extrair tabela e variância por unidade e classe IBGE antes de usar numericamente",https://doi.org/10.30612/agrarian.v12i44.8212
CAATINGA_LITTER_GURGUEIA_STOCK_2015,UFPI / UFRPE / UFCG,Caatinga,"mata ciliar de Caatinga",Bom Jesus; Piauí,"moldura 0.5×0.5 m; estoque nas estações seca e chuvosa; estoque separado de fluxo",kg ou Mg matéria seca/ha; tabela a extrair,published_aggregate,15 coletores de fluxo; n de quadrados de estoque a confirmar,"margem não indicada no resumo; extrair artigo/dados","amostra gravimétrica sazonal por quadrado","prioridade microrregional para mata ciliar; não inferir estoque pelo fluxo anual",https://doi.org/10.18378/rvads.v10i1.3201
PANTANAL_LITTER_GRAVIMETRY_NUNES_2015,UFMS / Embrapa Pantanal,Pantanal,"cordilheiras e capões; classes IBGE a validar por overlay",oeste da Nhecolândia; MS,"amostras pareadas de peso fresco e seco; estufa 45 °C por quatro dias; regressões por estação; resultados de biomassa seca por classe",kg/m² ou Mg/ha (manter conversão auditada),published_aggregate,30 amostras chuva e 28 seca para calibração peso fresco-seco,"médias publicadas e ± sazonais; tipo do erro por recuperar; n por classe no texto integral","calibrar massa fresca observada a peso seco com regressões separadas por estação; manter capões e cordilheiras separados","fonte gravimétrica local prioritária; somente transferir após equivalência espacial com classe IBGE e manejo","não usar modelos de massa fresca/seca fora da Nhecolândia ou de estação sem revalidação",https://posgraduacao.ufms.br/portal/trabalhos/index/45?curso_id=45&page=6
PANTANAL_LITTER_SIX_PHYSIO_2024,Embrapa / UFMT / instituições colaboradoras,Pantanal,"cordilheiras, murundus, capões, cerradão e corixos conforme nomenclatura do estudo",Nhecolândia e Abobral/Miranda; Pantanal,"152 parcelas; coleta de liteira por gabarito 50×50 cm em triplicata para análise laboratorial; confirmar massa seca publicada",amostras de 0.25 m²,published_primary_samples,152 parcelas; 20 ou 36 repetições por tratamento,"não incorporar erro ou estoque até confirmar massa seca e resultados quantitativos no texto integral","amostragem por fisiognomia local com replicação; coleta na seca 2019–2020","fonte espacialmente estratificada excelente para gravimetria/lab se os microdados ou massa seca estiverem disponíveis","as classes locais não devem ser igualadas automaticamente às classes IBGE; cruzar e registrar correspondência",https://doi.org/10.1590/0001-3765202420240709
AMAZON_LITTER_STOCK_REVIEW_2024,Revisão sistemática científica,Amazônia,"mistura de sistemas; resultados por tipo de uso",Amazônia brasileira,"revisão de 83 artigos; só 11.24% incluíram estoque e fluxo; estoque reportado em sistemas agroflorestais/plantios, não uma base regional de floresta nativa",Mg matéria seca/ha,published_aggregate,83 estudos na revisão,"amplitudes sintetizadas; não usar como margem de erro de uma classe alvo","segregar estoque acumulado de fluxo anual; síntese descritiva por uso","mapa de lacuna metodológica e fonte para busca; não extrapolar seus valores a classe nativa sem correspondência","priorizar estudo primário microrregional e gravimetria por quadrado; classes e estação têm de coincidir",https://scientiaplena.org.br/sp/article/view/6842
AMAZON_DEADWOOD_DENSITY_PALACE_2007,Palace et al. / instituições colaboradoras,Amazônia,necromassa aérea,"floresta não perturbada e explorada seletivamente",Juruena e Tapajós; Brasil,"densidade seca ajustada a vazios por cinco classes de decomposição e tamanho; estoque de madeira caída e árvores mortas em pé",Mg/m³; Mg matéria seca/ha,published_aggregate,"sítios replicados; recuperar n por classe no artigo","densidade ± EP por estágio (Juruena): 0.71±0.02, 0.69±0.04, 0.60±0.04, 0.59±0.06, 0.33±0.05 Mg/m³; inferência de massa depende do desenho local","interseção linear + diâmetros; densidade seca específica de classe e ajuste de vazio; madeira caída >10 cm separada de menor diâmetro","prioridade alta para floresta amazônica compatível; combinar erro da densidade com erro entre UAs","não transferir densidades de floresta de terra firme para classes inundáveis ou outros biomas sem validação",https://www.sciencedirect.com/science/article/pii/S0378112706010796
AMAZON_RIPARIAN_NECROMASS_GRAVIMETRY,estudo revisado por pares,Amazônia,"floresta ripária com níveis de degradação",Amazonas / Amazônia Oriental,"liteira e galhos finos amostrados em 1 m²; massa fresca e subamostra de 500 g seca a 65 °C até peso constante; madeira grossa por intercepto linear e densidade por decomposição",tC/ha e massa seca,published_primary_plot,"plot-level sampling; n deve ser transcrito do artigo","fração C medida para liteira/galho fino; madeira grossa/árvores mortas com fator explícito 0.46 do estudo","secagem gravimétrica; transectos 53.85 m; decomposição em três classes; comparar erros por pool","método primário para integrar gravimetria e erro por parcela; priorizar dentro do domínio ripário correspondente","não generalizar para outra fisionomia nem transformar perda/produção em estoque",https://www.scielo.br/j/aa/a/MB7JZwt4mVyV3LwYQjqc8mS/
CERRADO_AMAZON_DEAD_STANDING_2019,Carneiro et al. / UNEMAT / UNB,Cerrado; Amazônia,necromassa aérea,"cerrado típico, cerradão, floresta estacional semidecidual; árvores mortas em pé",Nova Xavantina; Mato Grosso,"estoque medido por diâmetros de mortos em pé em quatro censos (2005, 2008, 2011, 2013); comparação fitofisionômica",kg matéria seca/ha,published_primary_repeated_inventory,4 censos repetidos; indivíduos não independentes entre censos,"IC95% gráfico; ANOVA/teste F com fitofisionomia×ano; extrair pontos da figura/microdados antes de uso numérico","estoque de árvores mortas em pé separado da madeira caída; repetição temporal tratada como medidas repetidas","evidência microrregional por classe para formação savânica/florestal da transição; erro temporal e espacial precisa ser preservado","não representar necromassa subterrânea nem madeira caída; não transferir fora da transição",https://doi.org/10.1590/2175-7860201970060
