bioma,uf,n_ua,mean_dry_mg_ha,sd_between_ua_mg_ha,min_dry_mg_ha,max_dry_mg_ha,source_id
Amazônia,Acre,120,32.28440454,154.18272579,0.74947308,1684.79774300,SFB_IFN_PAINEL_NECROMASSA_2025
Amazônia,Amapá,96,23.01866565,42.70597666,0.27758262,231.44222320,SFB_IFN_PAINEL_NECROMASSA_2025
Amazônia,Amazonas,287,38.48558211,76.79852592,0.37751237,1093.75050900,SFB_IFN_PAINEL_NECROMASSA_2025
Amazônia,Maranhão,77,27.96449674,110.29993024,0.33865080,781.68082320,SFB_IFN_PAINEL_NECROMASSA_2025
Amazônia,Mato Grosso,178,29.60383968,42.35255227,0.27758262,260.50208610,SFB_IFN_PAINEL_NECROMASSA_2025
Amazônia,Pará,127,42.55093957,57.18318983,0.57248640,334.58351240,SFB_IFN_PAINEL_NECROMASSA_2025
Amazônia,Rondônia,139,38.10796066,74.18919878,0.55516525,676.24524590,SFB_IFN_PAINEL_NECROMASSA_2025
Amazônia,Roraima,108,30.14973184,58.45294643,0.72504581,409.33012240,SFB_IFN_PAINEL_NECROMASSA_2025
Amazônia,Tocantins,23,12.84370910,21.15737728,0.62733673,83.75736056,SFB_IFN_PAINEL_NECROMASSA_2025
Caatinga,Alagoas,9,2.14651955,1.84189910,0.68285326,5.34412642,SFB_IFN_PAINEL_NECROMASSA_2025
Caatinga,Bahia,343,5.40656727,13.72375281,0.17409982,210.48152750,SFB_IFN_PAINEL_NECROMASSA_2025
Caatinga,Ceará,141,9.72129948,31.80466134,0.28890799,362.29282150,SFB_IFN_PAINEL_NECROMASSA_2025
Caatinga,Minas Gerais,3,4.23825223,3.53237890,1.31018998,8.16145787,SFB_IFN_PAINEL_NECROMASSA_2025
Caatinga,Paraíba,21,3.50625843,4.05563406,0.50053699,16.62236717,SFB_IFN_PAINEL_NECROMASSA_2025
Caatinga,Pernambuco,67,6.23491989,15.68388082,0.36085741,124.87083120,SFB_IFN_PAINEL_NECROMASSA_2025
Caatinga,Piauí,118,5.69501532,8.70460088,0.35219683,80.13387335,SFB_IFN_PAINEL_NECROMASSA_2025
Caatinga,Rio Grande do Norte,44,11.72006475,46.96573732,0.28890799,310.61936440,SFB_IFN_PAINEL_NECROMASSA_2025
Caatinga,Sergipe,7,1.73978611,1.40534722,0.39971898,4.66042720,SFB_IFN_PAINEL_NECROMASSA_2025
Cerrado,Bahia,51,3.89984046,6.98220422,0.33687427,46.02202084,SFB_IFN_PAINEL_NECROMASSA_2025
Cerrado,Goiás,118,6.58295753,9.71257876,0.13879131,67.71424644,SFB_IFN_PAINEL_NECROMASSA_2025
Cerrado,Maranhão,153,7.93440027,14.14331260,0.33865080,101.38498250,SFB_IFN_PAINEL_NECROMASSA_2025
Cerrado,Mato Grosso,125,8.37483377,12.21137380,0.22739568,73.27672366,SFB_IFN_PAINEL_NECROMASSA_2025
Cerrado,Mato Grosso do Sul,80,6.72000556,7.67202812,0.39971898,35.68657928,SFB_IFN_PAINEL_NECROMASSA_2025
Cerrado,Minas Gerais,15,9.10167825,14.46908257,0.27758262,50.32335041,SFB_IFN_PAINEL_NECROMASSA_2025
Cerrado,Paraná,2,23.90808138,30.21652935,2.54176857,45.27439419,SFB_IFN_PAINEL_NECROMASSA_2025
Cerrado,Piauí,93,10.18978672,24.81574435,0.32554890,181.36433570,SFB_IFN_PAINEL_NECROMASSA_2025
Cerrado,Rondônia,3,11.06500883,8.98117307,4.94374653,21.37540416,SFB_IFN_PAINEL_NECROMASSA_2025
Cerrado,São Paulo,12,3.49704549,2.92617373,0.55161219,8.85690640,SFB_IFN_PAINEL_NECROMASSA_2025
Cerrado,Tocantins,134,10.94480350,26.34060059,0.27758262,242.22785030,SFB_IFN_PAINEL_NECROMASSA_2025
Mata Atlântica,Alagoas,7,22.23477155,32.26203114,1.19915693,93.72893428,SFB_IFN_PAINEL_NECROMASSA_2025
Mata Atlântica,Bahia,53,10.08320349,15.18447482,0.42725517,96.66487943,SFB_IFN_PAINEL_NECROMASSA_2025
Mata Atlântica,Espírito Santo,24,5.37187154,6.81615168,0.30067750,23.39616248,SFB_IFN_PAINEL_NECROMASSA_2025
Mata Atlântica,Goiás,1,0.49409707,,0.49409707,0.49409707,SFB_IFN_PAINEL_NECROMASSA_2025
Mata Atlântica,Paraná,131,15.84999534,49.25730007,0.32421650,531.17596590,SFB_IFN_PAINEL_NECROMASSA_2025
Mata Atlântica,Paraíba,7,6.27953007,6.39788161,1.02705571,18.08234896,SFB_IFN_PAINEL_NECROMASSA_2025
Mata Atlântica,Pernambuco,10,10.51677560,17.08737224,0.69928615,55.76187695,SFB_IFN_PAINEL_NECROMASSA_2025
Mata Atlântica,Rio Grande do Norte,1,1.83887385,,1.83887385,1.83887385,SFB_IFN_PAINEL_NECROMASSA_2025
Mata Atlântica,Rio Grande do Sul,60,10.84850559,16.72107645,0.60091086,94.84553608,SFB_IFN_PAINEL_NECROMASSA_2025
Mata Atlântica,Rio de Janeiro,36,3.87133260,5.34723672,0.12791007,23.62691969,SFB_IFN_PAINEL_NECROMASSA_2025
Mata Atlântica,Santa Catarina,11,21.86151091,50.44598135,1.21137057,172.11762470,SFB_IFN_PAINEL_NECROMASSA_2025
Mata Atlântica,Sergipe,7,3.43344980,4.19105643,0.36174567,10.37349397,SFB_IFN_PAINEL_NECROMASSA_2025
Mata Atlântica,São Paulo,17,7.55508954,6.32396024,0.94378092,20.98102402,SFB_IFN_PAINEL_NECROMASSA_2025
Pampa,Rio Grande do Sul,41,8.28003714,16.39289782,0.43902468,89.73362322,SFB_IFN_PAINEL_NECROMASSA_2025
