source_id,institution,biome,physiognomy,region,metric,unit,center_type,center,sd,se,ci95_low,ci95_high,iqr_low,iqr_high,range_low,range_high,n_plots,n_sites,data_level,statistical_use,citation,url
TAPAJOS_SANTOS_KM72,"Ciência Florestal / autores",Amazônia,Floresta Ombrófila Densa,FLONA Tapajós km72,AGB,Mg/ha,mean,298.11,29.40,,,,,,,,6,1,published_aggregate,"estudo microrregional; pode entrar em síntese de média somente como unidade de sítio claramente identificada","Santos, Camargo & Oliveira Jr. 2018",https://doi.org/10.5902/1980509833388
TAPAJOS_SANTOS_KM117,"Ciência Florestal / autores",Amazônia,Floresta Ombrófila Densa,FLONA Tapajós km117,AGB,Mg/ha,mean,248.92,61.78,,,,,,,,6,1,published_aggregate,"estudo microrregional; manter sítio independente","Santos, Camargo & Oliveira Jr. 2018",https://doi.org/10.5902/1980509833388
AMAZON_CUMMINGS_DENSE,"autores / Forest Ecology and Management",Amazônia,floresta densa,Sudoeste Amazônia,AGB,Mg/ha,mean,377,,,,,,,298,533,,,published_aggregate,"faixa empírica; envelope apenas sem erro amostral comparável","Cummings et al. 2002",https://doi.org/10.1016/S0378-1127(01)00587-4
AMAZON_CUMMINGS_OPEN,"autores / Forest Ecology and Management",Amazônia,floresta aberta,Sudoeste Amazônia,AGB,Mg/ha,mean,313,,,,,,,288,346,,,published_aggregate,"faixa empírica; envelope apenas","Cummings et al. 2002",https://doi.org/10.1016/S0378-1127(01)00587-4
AMAZON_LAURANCE_CENTRAL,"autores / F.E.M.",Amazônia,terra firme,Amazônia Central,AGB,Mg/ha,mean,397.7,30.0,,,,,,,,20,,published_aggregate,"média e dispersão publicada; verificar natureza exata do ± antes de meta-análise regulatória","Laurance et al.",https://doi.org/10.1016/S0378-1127(01)00749-6
CERRADO_OLIVEIRA_DF,"autores / AABC",Cerrado,Savana/Cerrado,Distrito Federal,AGB,Mg/ha,mean,16.55,8.6,,,,,,,,,,published_aggregate,"prior microrregional; sem n não gerar SE artificial","Oliveira et al. 2024",https://doi.org/10.1590/0001-3765202420221041
CERRADO_BISPO_GO,"autores / Remote Sensing",Cerrado,vegetação lenhosa,Rio Vermelho GO,AGB,Mg/ha,mean,18.66,,,,,,,7,35,,,published_aggregate,"benchmark regional; faixa conservadora sem peso de variância","Bispo et al. 2020",https://doi.org/10.3390/rs12172685
CERRADAO_DELITTI,"autores / RBB",Cerrado,Cerradão,Brasil Sudeste,AGB,Mg/ha,mean,61,,,,,,,40,82,,,published_aggregate,"referência fitofisionômica; envelope","Delitti et al. 2006",https://doi.org/10.1590/S0100-84042006000400003
CAATINGA_CASTANHO_MULTI,"autores / AABC",Caatinga,floresta tropical sazonalmente seca,Nordeste,AGB,Mg/ha,median,43,,,,,25,61,5,118,70,,published_aggregate,"mediana/IQR/faixa; não inserir em meta-análise de médias; usar envelope/quantis","Castanho et al. 2020",https://www.scielo.br/j/aabc/a/5ddbcBL7kk4QDFGJz6JLtGP/
MATA_ATL_IFN_RJ_SEMIDEC,"SFB/IFN + autores",Mata Atlântica,Floresta Estacional Semidecidual,Rio de Janeiro,AGB,Mg/ha,mean,74.3,,,62.8,85.8,,,,,63,,published_aggregate,"IC publicado; elegível para síntese no nível de estudo quando domínio comparável","Torres et al. 2024",https://doi.org/10.3390/f15091568
MATA_ATL_PYLES_SECONDARY,"autores / AABC",Mata Atlântica,floresta secundária,Bioma Mata Atlântica,AGB,Mg/ha,mean,175.6,81.3,,,,,,,,,,published_aggregate,"síntese entre estudos; DP entre estudos não deve ser tratado como DP de parcelas","Pyles et al. 2024",https://www.scielo.br/j/aabc/a/sKrrTS6D4BDStCmWZxn6vft/?lang=en
MATA_ATL_PYLES_MATURE,"autores / AABC",Mata Atlântica,floresta madura,Bioma Mata Atlântica,AGB,Mg/ha,mean,267.0,85.8,,,,,,,,,,published_aggregate,"síntese entre estudos; usar como envelope macrofitofisionômico","Pyles et al. 2024",https://www.scielo.br/j/aabc/a/sKrrTS6D4BDStCmWZxn6vft/?lang=en
