source_id,institution,biome,physiognomy,region,data_level,plot_data_open,structural_fields,statistical_use,url
SFB_IFN_DAP10,SFB/IFN,*,tipologias IFN,Brasil,primary_tree,TRUE,"DAP; altura; posição sociológica; espécie; UA/subunidade; coordenadas","gerar tabelas reais por parcela/UA; parear SAR somente com suporte espacial/temporal compatível",https://dados.florestal.gov.br/pt_BR/dataset/dap-10-por-uf-ifn
SFB_IFN_DAP5,SFB/IFN,*,regeneração/estratos DAP>=5,Brasil,primary_tree,TRUE,"DAP; atributos de regeneração; UA/subunidade","estrutura de classes menores; não misturar limiares DAP sem harmonização",https://dados.florestal.gov.br/pt_BR/dataset/dap-5-por-uf-ifn
SFB_IFN_UA,SFB/IFN,*,unidades amostrais,Brasil,primary_plot_metadata,TRUE,"coordenadas; UA; metadados de desenho","georreferenciar tabelas estruturais IFN",https://dados.florestal.gov.br/dataset/unidades-amostrais-por-uf-ifn
ORNL_1552_TAPAJOS,ORNL DAAC,Amazônia,"Floresta Ombrófila Densa; PF/PFL/SF",FLONA Tapajós,primary_tree,TRUE,"DAP; altura; densidade madeira; x/y; parcelas 0.25 ha","modelo H100 x G local e validação espacial",https://doi.org/10.3334/ORNLDAAC/1552
EMBRAPA_FLOTA_AP,Embrapa Amapá/IEF-AP/INPA,Amazônia,floresta amazônica,Amapá,published_aggregate,FALSE,"biomassa/estrutura conforme publicação","prior/envelope; meta-análise apenas se média+erro comparável",https://www.infoteca.cnptia.embrapa.br/infoteca/handle/doc/1004540
EMBRAPA_WANDELLI_SEC,Embrapa Amazônia Ocidental/INPA,Amazônia,vegetação secundária,Amazônia Central,published_aggregate,FALSE,"equações/estrutura secundária","domínio secundário; não expandir em parcelas",https://www.alice.cnptia.embrapa.br/alice/handle/doc/1008287
IFN_RJ_SEMIDECIDUAL,SFB/IFN + literatura,Mata Atlântica,Floresta Estacional Semidecidual,Rio de Janeiro,published_aggregate,FALSE,"AGB; parcelas/UA conforme estudo","efeitos aleatórios por estudo quando erro publicado; envelope de transferência",https://doi.org/10.3390/f15091568
VICOSA_SEMIDECIDUAL,UFV/Mata Atlântica,Mata Atlântica,Floresta Estacional Semidecidual,Viçosa-MG,published_aggregate,FALSE,"biomassa; estrutura; 15 parcelas conforme estudo","referência microrregional; manter nível de estudo",https://www.scielo.br/j/rarv/a/4qcwXR4kPDwGnkDGQzmmLHK/
CASTANHO_CAATINGA_MULTI,consórcio científico brasileiro,Caatinga,floresta tropical sazonalmente seca,Nordeste,published_aggregate,FALSE,"AGB; 70 sítios; mediana/IQR/faixa","IQR somente como aproximação documentada; envelope empírico preservado",https://www.scielo.br/j/aabc/a/5ddbcBL7kk4QDFGJz6JLtGP/
JESUS_CAATINGA_S1,estudo acadêmico revisado,Caatinga,Caatinga arbórea,Sergipe,published_aggregate,FALSE,"19 parcelas 30x30; AGB; métricas SAR","modelo local/benchmark; coeficientes só após verificação integral",https://doi.org/10.1007/s40333-023-0017-4
DELITTI_CERRADO,USP/colaboradores,Cerrado,"campo/cerrado/cerradão",São Paulo,published_aggregate,FALSE,"biomassa por fisionomia","envelope fitofisionômico; não pseudo-replicar",https://doi.org/10.1590/S0100-84042006000400003
OLIVEIRA_CERRADO_DF,consórcio acadêmico brasileiro,Cerrado,savana/cerrado,Distrito Federal,published_aggregate,FALSE,"AGB média e dispersão; inventário+RS","prior microrregional; meta-análise no nível de estudo",https://doi.org/10.1590/0001-3765202420221041
