plot,type,lon,lat,diameter_min_cm,n_trees,stems_ha,basal_area_m2_ha,h100_field_m,wood_density_ba_g_cm3,agb_chave2014_mg_ha
1.000000000,SF,-54.953095000,-3.130912000,5.000000000,183.000000000,732.000000000,10.335868105,24.164000000,0.420465815,48.085583493
2.000000000,SF,-54.952725000,-3.133013000,5.000000000,107.000000000,428.000000000,14.926272184,27.468000000,0.536724106,131.077835819
3.000000000,SF,-54.952627000,-3.133861000,5.000000000,121.000000000,484.000000000,15.098324647,28.708000000,0.499140927,125.887897755
4.000000000,SLF,-54.967090000,-3.027957000,10.000000000,93.000000000,372.000000000,19.175097177,30.836000000,0.678045909,229.134275169
5.000000000,SLF,-54.966862000,-3.029513000,10.000000000,85.000000000,340.000000000,18.914495783,29.684000000,0.641393362,220.324153070
6.000000000,SLF,-54.967549000,-3.024846000,10.000000000,89.000000000,356.000000000,21.826387748,31.620000000,0.725847783,299.540070270
7.000000000,SLF,-54.968220000,-3.020171000,10.000000000,114.000000000,456.000000000,28.140699956,32.004000000,0.686465347,380.895435210
8.000000000,PF,-54.979361000,-2.937596000,10.000000000,84.000000000,336.000000000,23.053415299,28.812000000,0.679081481,314.055964978
9.000000000,PF,-54.979570000,-2.936039000,10.000000000,84.000000000,336.000000000,26.461349036,29.980000000,0.650987246,312.320232680
10.000000000,PF,-54.979781000,-2.934482000,10.000000000,93.000000000,372.000000000,30.346550388,34.104000000,0.677285136,420.295379926
11.000000000,PF,-54.979154000,-2.939156000,10.000000000,98.000000000,392.000000000,27.249053129,31.752000000,0.631613727,338.653873473
12.000000000,SLF,-54.967318000,-3.026402000,10.000000000,97.000000000,388.000000000,21.650329755,26.844000000,0.594210346,190.693582670
13.000000000,SLF,-54.968581000,-3.017016000,10.000000000,110.000000000,440.000000000,23.738725462,29.704000000,0.661640146,289.100499224
14.000000000,SF,-54.952407000,-3.135418000,5.000000000,123.000000000,492.000000000,13.357621565,23.204000000,0.460692733,73.541650495
15.000000000,SLF,-54.968882000,-3.015529000,10.000000000,90.000000000,360.000000000,31.267015044,31.876000000,0.671449028,424.937017223
16.000000000,SF,-54.950032000,-3.152583000,5.000000000,139.000000000,556.000000000,16.920969891,20.912000000,0.564127783,138.236849011
17.000000000,SF,-54.950426000,-3.149415000,5.000000000,174.000000000,696.000000000,9.155867054,21.136000000,0.491556831,50.061110822
18.000000000,SF,-54.955232000,-3.115119000,5.000000000,263.000000000,1052.000000000,8.325481284,18.016000000,0.536976541,42.078343039
19.000000000,SF,-54.955037000,-3.116719000,5.000000000,105.000000000,420.000000000,10.695344844,21.416000000,0.485030317,62.530594208
20.000000000,SLF,-54.955014000,-3.118327000,10.000000000,107.000000000,428.000000000,26.481093946,29.888000000,0.630707049,309.849972343
21.000000000,SF,-54.983555000,-3.112966000,5.000000000,33.000000000,132.000000000,1.458229920,8.436000000,0.374060161,4.364544247
22.000000000,SF,-54.983762000,-3.114550000,5.000000000,173.000000000,692.000000000,3.745237116,11.688000000,0.488565344,13.217110052
23.000000000,SF,-54.983340000,-3.111408000,5.000000000,86.000000000,344.000000000,1.650288046,8.992000000,0.396128577,4.839304242
24.000000000,SF,-54.985405000,-3.125354000,5.000000000,100.000000000,400.000000000,7.765065137,17.720000000,0.453040581,36.308247543
25.000000000,SF,-54.985105000,-3.123851000,5.000000000,181.000000000,724.000000000,5.478793075,11.484000000,0.510207687,21.760824750
26.000000000,SF,-54.984877000,-3.122297000,5.000000000,93.000000000,372.000000000,8.189387490,18.676000000,0.469020335,41.853864362
27.000000000,PF,-54.949660000,-2.865231000,10.000000000,101.000000000,404.000000000,22.915546505,28.636000000,0.609433345,240.861425805
28.000000000,PF,-54.949474000,-2.863790000,10.000000000,106.000000000,424.000000000,20.926192648,25.292000000,0.617850988,190.944057558
29.000000000,PF,-54.949029000,-2.860537000,10.000000000,76.000000000,304.000000000,15.921469046,20.228000000,0.673444270,164.460421880
30.000000000,PF,-54.949234000,-2.862164000,10.000000000,82.000000000,328.000000000,27.195517248,19.956000000,0.582843406,278.813478673
